id,revenue
3001,3462
3002,921000
3003,4719695
3004,6860853
3005,7306
3006,25893810
3007,4129250
3008,103951461
3009,73244881
3010,346864462
3011,30
3012,43471
3013,58978653
3014,4000000
3015,18432000
3016,7
3017,32483410
3018,10017322
3019,14200000
3020,550000000
3021,27200316
3022,8352885
3023,887029
3024,101646581
3025,6472990
3026,211952420
3027,742898
3028,63327201
3029,36000000
3030,117270765
3031,572809
3032,13200241
3033,1
3034,1400000
3035,43579163
3036,2459895
3037,25312387
3038,30658387
3039,9584131
3040,3662459
3041,46044400
3042,5979011
3043,205703818
3044,21026290
3045,403170142
3046,36565280
3047,215576
3048,26828365
3049,641100
3050,12000000
3051,10000000
3052,38748395
3053,6029824
3054,13200241
3055,224511319
3056,121129
3057,211780824
3058,250288523
3059,311
3060,10382407
3061,10076790
3062,30
3063,100000000
3064,121059225
3065,33889159
3066,112343513
3067,1100000
3068,77112176
3069,371940071
3070,23020
3071,72266306
3072,880674609
3073,221295
3074,26488
3075,54837234
3076,170268750
3077,17768012
3078,36754634
3079,11341016
3080,13670688
3081,5000000
3082,37915971
3083,1631839
3084,25
3085,3453043
3086,129540499
3087,4557214
3088,8251
3089,34659
3090,38505009
3091,16374328
3092,31466789
3093,68514844
3094,62788218
3095,29657751
3096,8176544
3097,362637473
3098,1548955
3099,5446000
3100,21833
3101,3537961
3102,29400000
3103,15530077
3104,92100
3105,141047179
3106,38058335
3107,12000000
3108,60641
3109,4300000
3110,470490832
3111,1500000
3112,152961
3113,26888376
3114,19300483
3115,2459895
3116,24078196
3117,40000
3118,6193901
3119,94882889
3120,66976317
3121,536364
3122,11000000
3123,3919254
3124,101300000
3125,147542
3126,46069568
3127,7840873
3128,35739755
3129,55583804
3130,24078196
3131,48911
3132,4100000
3133,13200241
3134,46405336
3135,5979011
3136,31179516
3137,78309131
3138,1404
3139,35424826
3140,100000000
3141,6754898
3142,2452566
3143,157107755
3144,38793283
3145,93600000
3146,1345903
3147,8349430
3148,5624282
3149,122417389
3150,17300889
3151,1449945
3152,186702
3153,27900000
3154,3485127
3155,40105542
3156,2091037
3157,11403529
3158,140795793
3159,21520719
3160,11540607
3161,646714
3162,29355203
3163,18564088
3164,8000000
3165,8887603
3166,3956913
3167,27635305
3168,3082901
3169,30
3170,13129846
3171,1982505
3172,33208099
3173,696681
3174,147315
3175,80768
3176,20455276
3177,25182929
3178,26144
3179,2600000
3180,1625847
3181,9700000
3182,223664608
3183,37170057
3184,32222567
3185,102000000
3186,56308881
3187,837000
3188,4600000
3189,188441614
3190,52604
3191,81705746
3192,9833553
3193,154026136
3194,13670688
3195,209935
3196,76657000
3197,1053788
3198,119269486
3199,260696994
3200,1631839
3201,13000000
3202,10016934
3203,671
3204,918239
3205,35610100
3206,20045115
3207,15502112
3208,58853106
3209,25000000
3210,263920180
3211,88000
3212,2054941
3213,125212904
3214,28350000
3215,2387127
3216,4417580
3217,67631903
3218,41162041
3219,33456317
3220,251171807
3221,21107746
3222,157768
3223,21700000
3224,8
3225,14743391
3226,6341684
3227,211780824
3228,10006806
3229,274470394
3230,49797148
3231,19255873
3232,245066411
3233,2119994
3234,10474
3235,233755553
3236,376597
3237,53478166
3238,1631839
3239,8033397
3240,76932943
3241,241
3242,14681192
3243,4631
3244,928391
3245,7022209
3246,46069568
3247,23367586
3248,74558115
3249,74134790
3250,211780824
3251,1718328
3252,5923044
3253,54837234
3254,44695
3255,486937
3256,115350426
3257,1261000
3258,55447968
3259,88545092
3260,1980338
3261,177238796
3262,29657751
3263,99303
3264,50656
3265,10068
3266,1100000
3267,10409377
3268,92100
3269,77112176
3270,116980662
3271,2744253
3272,12
3273,42070000
3274,448000000
3275,9250000
3276,365522
3277,19000000
3278,352194034
3279,27634716
3280,165333180
3281,16928137
3282,31576
3283,276572938
3284,50100000
3285,41597830
3286,152961
3287,1625847
3288,2000000
3289,320145693
3290,77737889
3291,276921998
3292,189015611
3293,102244770
3294,6860853
3295,1213880
3296,248000000
3297,1500000
3298,161451538
3299,22812411
3300,15520023
3301,3206713
3302,4069826
3303,11879046
3304,3400278
3305,13620075
3306,1744858
3307,28900000
3308,15478800
3309,1301696
3310,185898
3311,11
3312,21890845
3313,69307224
3314,461162
3315,25035950
3316,10903846
3317,43579163
3318,40000
3319,93000
3320,3665069
3321,136203
3322,523511
3323,415252786
3324,9816332
3325,62788218
3326,182290266
3327,11838218
3328,1675706
3329,54215416
3330,144000000
3331,11576431
3332,34560577
3333,144000000
3334,14000000
3335,62022014
3336,3400278
3337,671
3338,23978402
3339,6000000
3340,65884703
3341,603943
3342,19054534
3343,29000000
3344,71904
3345,653951
3346,65663276
3347,124693
3348,15000000
3349,160638883
3350,116643346
3351,28744356
3352,21665468
3353,31670620
3354,6341684
3355,18
3356,28733290
3357,243000
3358,615816
3359,7237794
3360,16300000
3361,187361754
3362,3200000
3363,3897799
3364,30471420
3365,230069
3366,151493655
3367,331926147
3368,1300000
3369,5602431
3370,1317657
3371,129000000
3372,1449945
3373,320145693
3374,1300000
3375,120081841
3376,4152230
3377,1644060
3378,91000000
3379,57881056
3380,10126458
3381,80768
3382,115605
3383,239894
3384,17280326
3385,31670620
3386,108083
3387,22730842
3388,134748021
3389,1405403694
3390,11294
3391,1500000
3392,3295624
3393,8349430
3394,187361754
3395,63327201
3396,7985929
3397,10300
3398,243637091
3399,157387195
3400,38610009
3401,179000
3402,10676194
3403,39673162
3404,20240128
3405,19158074
3406,354248063
3407,7103973
3408,1749201
3409,123509
3410,4152230
3411,39340177
3412,19829957
3413,24719215
3414,519204
3415,9250000
3416,10462500
3417,40346186
3418,441306145
3419,408247917
3420,107559
3421,6491240
3422,494506
3423,128388320
3424,750000
3425,209696
3426,1982505
3427,87000000
3428,4000000
3429,35150960
3430,157107755
3431,45250
3432,31584901
3433,49000000
3434,150277
3435,470490832
3436,60740827
3437,215339
3438,28451622
3439,86758912
3440,3566637
3441,120000000
3442,540152
3443,350006
3444,8403433
3445,36642838
3446,52164
3447,523511
3448,10076790
3449,25513752
3450,110230332
3451,13551174
3452,123384128
3453,78378744
3454,21800302
3455,28215918
3456,71000000
3457,36144000
3458,4000000
3459,205366737
3460,67872296
3461,25893810
3462,1461989
3463,38159905
3464,486937
3465,52287414
3466,68000000
3467,5926128
3468,126248813
3469,21520719
3470,331000
3471,42365581
3472,8153677
3473,254134910
3474,9400000
3475,211780824
3476,551281
3477,115350426
3478,228136
3479,237681299
3480,2826523
3481,4000000
3482,1268793
3483,126
3484,6347072
3485,240978
3486,211780824
3487,46201432
3488,87404651
3489,523511
3490,13273595
3491,34725000
3492,11000000
3493,8613462
3494,1625847
3495,97552050
3496,34153101
3497,144216468
3498,2297493
3499,7282851
3500,8251
3501,34808403
3502,208588
3503,30000000
3504,113244290
3505,33245
3506,19478106
3507,174578751
3508,16300000
3509,7865
3510,100489151
3511,6482195
3512,86658558
3513,5332926
3514,18800000
3515,136203
3516,14393902
3517,12342632
3518,13060843
3519,46434570
3520,12277096
3521,3462
3522,21107746
3523,1124445
3524,36779296
3525,258022233
3526,30
3527,91354215
3528,2642983
3529,49554002
3530,415440673
3531,19054534
3532,13204291
3533,12
3534,5000000
3535,262797249
3536,6101904
3537,55987321
3538,30471
3539,65663276
3540,18599102
3541,209696
3542,81452156
3543,17011
3544,22165608
3545,846704
3546,11220670
3547,151165787
3548,886686817
3549,17000000
3550,90024292
3551,25035950
3552,35763605
3553,19472057
3554,71485043
3555,93375151
3556,103173635
3557,426224
3558,161626121
3559,41744718
3560,15
3561,147934180
3562,41833347
3563,185898
3564,646714
3565,47000000
3566,18800000
3567,9800000
3568,764083
3569,134748021
3570,3848034
3571,495303
3572,91188905
3573,147315
3574,132675402
3575,10654385
3576,29252978
3577,7985929
3578,443684
3579,18432000
3580,1982505
3581,14560084
3582,113244290
3583,1400000
3584,1631839
3585,413454
3586,3764219
3587,36489888
3588,7500000
3589,7282851
3590,30
3591,331926147
3592,12413650
3593,3848034
3594,135
3595,5600000
3596,73276047
3597,5151936
3598,65663276
3599,453079
3600,819939
3601,12065892
3602,33700
3603,5596708
3604,3338228
3605,125212904
3606,1519796
3607,4634062
3608,36754634
3609,8033397
3610,8613462
3611,671
3612,14743391
3613,27634716
3614,30353232
3615,104931801
3616,6834525
3617,16324573
3618,68696770
3619,25
3620,78382433
3621,130482868
3622,154026136
3623,152930623
3624,8033397
3625,120680
3626,10736401
3627,34560577
3628,243637091
3629,1631839
3630,519204
3631,188441614
3632,7286388
3633,74558115
3634,646714
3635,5731103
3636,50007546
3637,1486992
3638,10571408
3639,36893721
3640,850000000
3641,837000
3642,22642033
3643,18663238
3644,3485127
3645,78247647
3646,22490039
3647,107217396
3648,4600000
3649,41158757
3650,3600000
3651,374111707
3652,101300000
3653,127600435
3654,837000
3655,9400000
3656,147214049
3657,5979011
3658,37285
3659,69823199
3660,149044513
3661,21706101
3662,19412993
3663,202026112
3664,92100
3665,646714
3666,16324573
3667,20915465
3668,10589102
3669,136203
3670,413454
3671,1829917
3672,11294
3673,162000000
3674,5849647
3675,67631903
3676,36754634
3677,2891288
3678,59217789
3679,10000000
3680,4900000
3681,1213880
3682,294456605
3683,500000
3684,57881056
3685,106303988
3686,56825
3687,242295562
3688,6700
3689,14836
3690,6808550
3691,5483299
3692,4314688
3693,152427960
3694,48902953
3695,12303411
3696,37799643
3697,44065653
3698,67192859
3699,2594000
3700,44057737
3701,67112664
3702,1778391
3703,68106245
3704,117760134
3705,18253415
3706,108286421
3707,500000
3708,20342161
3709,471222889
3710,1289998
3711,6000000
3712,23510601
3713,48572000
3714,1400000
3715,16829545
3716,1851517
3717,209935
3718,5588800
3719,17280326
3720,7399763
3721,36000000
3722,18552460
3723,2293798
3724,7500000
3725,8212430
3726,3000000
3727,75450437
3728,77628265
3729,1103757
3730,2106557
3731,242688965
3732,2189047
3733,149705852
3734,67631903
3735,22750363
3736,41833347
3737,20642922
3738,4864560
3739,26330482
3740,36764313
3741,14782676
3742,161451538
3743,10571408
3744,250821495
3745,413454
3746,47267001
3747,3151130
3748,13865435
3749,382267
3750,108083
3751,29456000
3752,8262833
3753,30229977
3754,80547866
3755,84772742
3756,20374201
3757,201596308
3758,165478348
3759,20000000
3760,67631903
3761,46201432
3762,361832400
3763,13130349
3764,92991835
3765,523511
3766,5849647
3767,46616067
3768,13200241
3769,8910819
3770,1117920
3771,8352885
3772,9234510
3773,5669831
3774,615816
3775,49627779
3776,120081841
3777,19184015
3778,168180
3779,1986615
3780,140081992
3781,19829957
3782,23859
3783,84601681
3784,2600000
3785,226497209
3786,141000000
3787,225990978
3788,67631903
3789,43579163
3790,40000
3791,204940
3792,41232
3793,14836
3794,123509
3795,121790373
3796,10016934
3797,29456000
3798,47175038
3799,4187
3800,485772
3801,40263020
3802,12520799
3803,113783
3804,3206713
3805,13
3806,3500605
3807,60726164
3808,20000000
3809,49002684
3810,30229977
3811,1625847
3812,2437000
3813,248000000
3814,163000
3815,57330873
3816,36754634
3817,104931801
3818,196781193
3819,19516000
3820,46216641
3821,254134910
3822,10000000
3823,2297493
3824,5483299
3825,181466833
3826,27200316
3827,112462508
3828,444098
3829,311245
3830,7237794
3831,85
3832,206172544
3833,63215872
3834,7286388
3835,107559
3836,136203
3837,8613462
3838,9114264
3839,21833
3840,43650785
3841,182857
3842,7022209
3843,66976317
3844,218626
3845,193355800
3846,3662459
3847,35114428
3848,273644
3849,178051587
3850,6101904
3851,25005257
3852,9000000
3853,75450437
3854,121129
3855,12413650
3856,15309302
3857,350170057
3858,140987
3859,773228
3860,46044400
3861,30000000
3862,14000000
3863,100020092
3864,32204030
3865,12173470
3866,5844868
3867,151161491
3868,1300000
3869,40263020
3870,95149435
3871,631442092
3872,5596708
3873,19255873
3874,50892160
3875,103173635
3876,248000000
3877,2275557
3878,14051384
3879,448000000
3880,29657751
3881,1300000
3882,5979011
3883,28215918
3884,312242626
3885,9400000
3886,10736401
3887,11000000
3888,14000000
3889,228984
3890,240978
3891,350006
3892,34710627
3893,473226958
3894,120000000
3895,1914166
3896,196114570
3897,331816
3898,87000000
3899,67631903
3900,173066
3901,248000000
3902,209935
3903,36611610
3904,34562222
3905,8203235
3906,13204291
3907,494506
3908,17636261
3909,1000000
3910,12000000
3911,4000000
3912,22456509
3913,77068246
3914,47410000
3915,114660784
3916,1100000
3917,49579269
3918,589304
3919,63833449
3920,100000000
3921,3848034
3922,3052000
3923,35739755
3924,81705746
3925,220021259
3926,11567217
3927,44350926
3928,93820758
3929,60527873
3930,44695
3931,42700000
3932,641100
3933,18948425
3934,14010832
3935,1
3936,13200241
3937,151165787
3938,3661757
3939,57915972
3940,530048
3941,100489151
3942,470490832
3943,694713380
3944,16627188
3945,44065653
3946,3021629
3947,40346186
3948,2200000
3949,7185518
3950,653951
3951,4371000
3952,9479718
3953,105178561
3954,252712101
3955,25147786
3956,95149435
3957,239606210
3958,22000000
3959,11588205
3960,12413650
3961,39300000
3962,641100
3963,31899000
3964,1084939099
3965,144000000
3966,12434778
3967,211780824
3968,84772742
3969,641
3970,18663238
3971,72778712
3972,68929150
3973,24145613
3974,11
3975,152427960
3976,285176741
3977,87840042
3978,311312624
3979,14134877
3980,7985929
3981,64110728
3982,7022209
3983,11411644
3984,549368315
3985,21520719
3986,1045713802
3987,54744738
3988,1500000
3989,3400278
3990,34533783
3991,22270
3992,102780
3993,14166853
3994,18195610
3995,9697739
3996,24769466
3997,54215416
3998,159055768
3999,27900000
4000,49100000
4001,4971340
4002,95311434
4003,7241180
4004,36642838
4005,500000
4006,208588
4007,3020784
4008,11588205
4009,47410000
4010,4400000
4011,13835130
4012,262797249
4013,133000000
4014,1547397
4015,27635305
4016,35739755
4017,18000000
4018,211952420
4019,171120329
4020,4129250
4021,219076518
4022,1519796
4023,32287044
4024,23570541
4025,22270
4026,320145693
4027,69307224
4028,5900000
4029,7406
4030,4600000
4031,127666415
4032,7965
4033,11
4034,147315
4035,84025816
4036,3662459
4037,1751330
4038,9221
4039,25434291
4040,6800000
4041,138730
4042,29657751
4043,47000000
4044,89162162
4045,70600000
4046,173066
4047,284139100
4048,52604
4049,67821
4050,2683519
4051,205366737
4052,49000000
4053,609524
4054,2411594
4055,4627375
4056,46616067
4057,126
4058,29400000
4059,15369573
4060,180622424
4061,10126458
4062,18432000
4063,34705850
4064,312242626
4065,105178561
4066,31466789
4067,4073489
4068,7865
4069,15656193
4070,4635300
4071,3091922
4072,15000
4073,161451538
4074,5255
4075,11403529
4076,35485608
4077,531865000
4078,18591272
4079,159055768
4080,9188
4081,36565280
4082,660940780
4083,83557872
4084,254190
4085,22921898
4086,63781810
4087,15478800
4088,123384128
4089,11715321
4090,22159216
4091,31670620
4092,49797148
4093,18432000
4094,2500000
4095,134748021
4096,6585516
4097,125212904
4098,426224
4099,10013424
4100,156822020
4101,174999005
4102,161000000
4103,7237794
4104,23803308
4105,532654
4106,188126
4107,3662459
4108,432274
4109,1553826
4110,5206
4111,3200000
4112,40272135
4113,9318
4114,58662452
4115,136203
4116,4627375
4117,62548947
4118,59389433
4119,14828081
4120,93000
4121,6500000
4122,242688965
4123,5979011
4124,29000000
4125,18492362
4126,109130
4127,43885000
4128,20642922
4129,3662459
4130,653951
4131,154937680
4132,31670620
4133,41637263
4134,566736
4135,19829957
4136,333011068
4137,143000
4138,8352885
4139,19472057
4140,390659
4141,1725381
4142,2275557
4143,40346186
4144,1750211
4145,98450062
4146,17804565
4147,93000
4148,10848783
4149,15119639
4150,637769
4151,311
4152,174999005
4153,119500000
4154,240093
4155,65497208
4156,141000000
4157,846704
4158,4627375
4159,2054941
4160,114178613
4161,8022000
4162,2033165
4163,57881056
4164,13835130
4165,7985929
4166,4910682
4167,385284817
4168,760883
4169,52164
4170,80768
4171,165478348
4172,113244290
4173,867714
4174,45431
4175,13200241
4176,1614266
4177,58840
4178,631442092
4179,7985929
4180,23937870
4181,12923936
4182,25034000
4183,57891803
4184,1530216
4185,161000000
4186,1751330
4187,28607524
4188,10113733
4189,850259
4190,928391
4191,33082548
4192,5000000
4193,174578751
4194,161834276
4195,36611610
4196,16756372
4197,54215416
4198,500000
4199,120620
4200,89162162
4201,56505065
4202,44806783
4203,1440000
4204,41895491
4205,6086508
4206,21028755
4207,498814908
4208,886686817
4209,53267000
4210,195745823
4211,92823546
4212,100230832
4213,31000000
4214,11122090
4215,147315
4216,9000000
4217,810455
4218,39300000
4219,4627375
4220,29007412
4221,17011
4222,1
4223,124827316
4224,61801971
4225,22921898
4226,5849647
4227,6341684
4228,3206713
4229,17218080
4230,31148328
4231,6272403
4232,16775
4233,500188435
4234,83557872
4235,11879046
4236,5101756
4237,163169
4238,40346186
4239,50548152
4240,358372926
4241,156167015
4242,4000000
4243,337812
4244,122417389
4245,239894
4246,1841260
4247,51881013
4248,14418922
4249,75450437
4250,78378744
4251,120680
4252,189015611
4253,84025816
4254,108286421
4255,12355798
4256,498814908
4257,178127760
4258,27187375
4259,43471
4260,457363168
4261,5206
4262,285930
4263,136203
4264,42792561
4265,1596687
4266,204660
4267,1449945
4268,4300000
4269,87404651
4270,383257136
4271,10959475
4272,170000
4273,852336
4274,24769466
4275,38290723
4276,7500000
4277,2275557
4278,5777916
4279,426480871
4280,750000
4281,8910819
4282,4069826
4283,4878242
4284,47000000
4285,7406
4286,252712101
4287,17432163
4288,28900000
4289,474171806
4290,17137302
4291,3225000
4292,5777916
4293,11293663
4294,264118201
4295,203427584
4296,76286096
4297,59700000
4298,181107
4299,3919254
4300,5602431
4301,147315
4302,494506
4303,33245
4304,3400278
4305,10848783
4306,1914166
4307,1100000
4308,3206713
4309,36400360
4310,346297
4311,1083282
4312,21409028
4313,20497844
4314,27734391
4315,50548152
4316,325756637
4317,3790493
4318,34533783
4319,121129
4320,1108462
4321,155545279
4322,179000
4323,3200000
4324,32648673
4325,3515061
4326,3572443
4327,57330873
4328,4069826
4329,126
4330,263920180
4331,320145693
4332,74558115
4333,13022756
4334,159055768
4335,254134910
4336,64437847
4337,1100000
4338,330579719
4339,363889678
4340,9584131
4341,9600000
4342,67872296
4343,12314651
4344,71904
4345,2303
4346,11203026
4347,219076518
4348,20666
4349,211780824
4350,2270000
4351,56681566
4352,921000
4353,128499205
4354,73276047
4355,49000000
4356,80768
4357,320145693
4358,10759
4359,38610009
4360,176885658
4361,26155781
4362,819939
4363,32483410
4364,133346506
4365,36565280
4366,12036149
4367,27187653
4368,65754228
4369,72527595
4370,145896422
4371,25000000
4372,20275812
4373,27900000
4374,255273813
4375,1919653
4376,48752
4377,27634716
4378,22000000
4379,152022101
4380,109449237
4381,77628265
4382,351692268
4383,470490832
4384,11657385
4385,243000
4386,351692268
4387,40485039
4388,104931801
4389,28921264
4390,3100000
4391,1500000
4392,237681299
4393,1862805
4394,17425000
4395,1986615
4396,95714875
4397,20710451
4398,230884728
4399,32788
4400,14000
4401,6585516
4402,10759
4403,153698625
4404,23367586
4405,15656193
4406,93000
4407,4300000
4408,7985929
4409,16928137
4410,26330482
4411,24362772
4412,159055768
4413,78378744
4414,429766
4415,1625847
4416,8685526
4417,8574339
4418,80551
4419,20915465
4420,311312624
4421,1730000
4422,641100
4423,6538177
4424,85
4425,2003822
4426,6585516
4427,48065672
4428,14000
4429,485772
4430,3462
4431,3
4432,261317921
4433,28921264
4434,174578751
4435,1163967
4436,572809
4437,1829917
4438,1469
4439,28215918
4440,9138338
4441,8352885
4442,696681
4443,3082901
4444,42160849
4445,16700000
4446,540152
4447,106303988
4448,30
4449,11000000
4450,90383208
4451,362000072
4452,4600000
4453,5438927
4454,1300000
4455,20666
4456,102000000
4457,9713500
4458,121129
4459,20256975
4460,10000000
4461,363889678
4462,34560577
4463,10654385
4464,40346186
4465,2119994
4466,9392
4467,1862805
4468,460226
4469,38574362
4470,9697739
4471,404
4472,188441614
4473,4104962
4474,100345
4475,7000000
4476,15504
4477,17425000
4478,15369573
4479,8679814
4480,136766062
4481,8679814
4482,17519169
4483,8000000
4484,8800000
4485,27187375
4486,2725258
4487,346592
4488,151161491
4489,100000000
4490,10000000
4491,357852395
4492,91000000
4493,20471382
4494,6000000
4495,60641
4496,11715321
4497,18112929
4498,5837674
4499,1697294
4500,102984862
4501,355237933
4502,5809330
4503,748806957
4504,3903479
4505,24134
4506,211780824
4507,120620
4508,25800
4509,22270
4510,22471595
4511,31720158
4512,2
4513,98159963
4514,11642254
4515,258022233
4516,32000
4517,109130
4518,7103973
4519,129000000
4520,1246141
4521,2459895
4522,116400000
4523,30471
4524,1056938
4525,1986615
4526,108083
4527,25442939
4528,20642922
4529,7985929
4530,84500122
4531,712294
4532,7282851
4533,47410000
4534,48126384
4535,347325802
4536,2300000
4537,179000
4538,85306374
4539,3832228
4540,212385533
4541,9237470
4542,80936232
4543,63833449
4544,1234254
4545,157768
4546,8533973
4547,696681
4548,13000000
4549,43719
4550,2744253
4551,1004558444
4552,28341469
4553,19158074
4554,164000000
4555,1697294
4556,57891803
4557,1596687
4558,807535
4559,96060858
4560,40903593
4561,29010817
4562,538000
4563,100020092
4564,34659
4565,3020784
4566,1914166
4567,20915465
4568,2683519
4569,1675706
4570,16829545
4571,136203
4572,24188922
4573,413454
4574,100544
4575,7985929
4576,37170057
4577,8034
4578,80547866
4579,10000000
4580,73180723
4581,4627375
4582,95714875
4583,297138014
4584,3983997
4585,188441614
4586,587615
4587,29326868
4588,457363168
4589,9500000
4590,880674609
4591,12434778
4592,120680
4593,2691899
4594,66351
4595,448000000
4596,260696994
4597,47000000
4598,100230832
4599,11403529
4600,1337274
4601,74558115
4602,52425855
4603,970816
4604,1631839
4605,151165787
4606,220021259
4607,87100449
4608,31911598
4609,57915972
4610,149705852
4611,16324573
4612,32392047
4613,27187375
4614,84431625
4615,52604
4616,2260622
4617,58405313
4618,365522
4619,11000000
4620,138000
4621,332000000
4622,1108462
4623,1163967
4624,10000000
4625,17555141
4626,11000000
4627,26279000
4628,6483963
4629,83398
4630,5000000
4631,17292381
4632,615816
4633,170000
4634,12413650
4635,580527
4636,14859394
4637,135893
4638,34705850
4639,2691899
4640,25312387
4641,4100000
4642,14418922
4643,44806783
4644,350006
4645,8
4646,1045713802
4647,120680
4648,1081957
4649,212000000
4650,41597830
4651,100000000
4652,49627779
4653,11
4654,114908830
4655,60209334
4656,6341684
4657,49364621
4658,13129846
4659,3225000
4660,1778391
4661,13101672
4662,7985929
4663,17519169
4664,2260622
4665,20275812
4666,16605763
4667,68349884
4668,1884814
4669,76578911
4670,38574362
4671,1938
4672,1056938
4673,9400000
4674,14873
4675,18124262
4676,28281
4677,31894
4678,42700000
4679,331000
4680,121
4681,57915972
4682,45250
4683,8100000
4684,11294
4685,34560577
4686,6147
4687,7282851
4688,147845033
4689,37915971
4690,59700000
4691,18803648
4692,6538177
4693,609524
4694,25232289
4695,57915972
4696,21833
4697,151493655
4698,25147055
4699,2474000
4700,225990978
4701,121790373
4702,29456000
4703,56825
4704,100659
4705,39673162
4706,36754634
4707,23000
4708,2899975
4709,25
4710,71485043
4711,58978653
4712,1258000
4713,94061311
4714,3721911
4715,11000
4716,1031243
4717,61141030
4718,14000000
4719,788241776
4720,4469460
4721,31000000
4722,29000000
4723,33456317
4724,134748021
4725,16554699
4726,6659377
4727,120620
4728,7070330
4729,230884728
4730,41232
4731,100489151
4732,57284237
4733,7424
4734,49554002
4735,10126458
4736,985007
4737,10736401
4738,8533973
4739,68369434
4740,305875730
4741,3337685
4742,17218080
4743,263635
4744,1718328
4745,114178613
4746,163670000
4747,6341684
4748,42886719
4749,4192440
4750,59700000
4751,1400000
4752,653951
4753,10400000
4754,403170142
4755,41410568
4756,78378744
4757,237681299
4758,119940815
4759,163794509
4760,306
4761,6860853
4762,143597
4763,3162153
4764,263920180
4765,41833347
4766,101134059
4767,20908467
4768,38172500
4769,34533783
4770,24719215
4771,115350426
4772,2899975
4773,1675706
4774,85313124
4775,346297
4776,47000000
4777,276572938
4778,105834556
4779,14200000
4780,178051587
4781,100544
4782,11466088
4783,7500000
4784,48126384
4785,28607524
4786,36894225
4787,46216641
4788,83557872
4789,62548947
4790,13162475
4791,55447968
4792,11294
4793,4100000
4794,3
4795,9504139
4796,2357852
4797,205366737
4798,56505065
4799,57041866
4800,7820688
4801,187716
4802,9237470
4803,376597
4804,24134
4805,33082548
4806,2437000
4807,9518342
4808,194720
4809,31670620
4810,92100
4811,30524763
4812,100020092
4813,331926147
4814,8
4815,231411584
4816,70600000
4817,25000000
4818,100491683
4819,5900000
4820,54744738
4821,6000000
4822,79
4823,1596687
4824,12036149
4825,100659
4826,3572443
4827,74558115
4828,6819587
4829,46069568
4830,1862805
4831,11500000
4832,29251596
4833,11540607
4834,80768
4835,3600000
4836,14347000
4837,119940815
4838,3342697
4839,1
4840,211780824
4841,21350
4842,49100000
4843,134748021
4844,390659
4845,29007412
4846,3225000
4847,209154322
4848,162091208
4849,176070171
4850,16803753
4851,147542
4852,11000000
4853,532950503
4854,55447968
4855,95149435
4856,76657000
4857,50007546
4858,156844753
4859,1124445
4860,197687603
4861,163442937
4862,84772742
4863,352194034
4864,105610124
4865,72179579
4866,37915971
4867,355237933
4868,2600000
4869,4635143
4870,31063038
4871,2899975
4872,8125592
4873,16324573
4874,75505856
4875,85313124
4876,69055695
4877,41382841
4878,59700000
4879,34560577
4880,16810383
4881,25147055
4882,15478800
4883,56505065
4884,160602194
4885,14393902
4886,3400278
4887,45703
4888,1473809
4889,9188
4890,48902953
4891,460226
4892,9069
4893,144216468
4894,22159216
4895,4367497
4896,9600000
4897,136203
4898,60845711
4899,8352885
4900,144000000
4901,29541790
4902,609524
4903,2500000
4904,215283742
4905,5659286
4906,140987
4907,599045960
4908,125212904
4909,117270765
4910,73180723
4911,1548955
4912,54819301
4913,11000000
4914,3566637
4915,254134910
4916,455815
4917,1044824
4918,165333180
4919,73244881
4920,21409028
4921,124827316
4922,17519169
4923,9109322
4924,39340177
4925,226497209
4926,214000
4927,12534961
4928,11122090
4929,9109322
4930,539896
4931,15478800
4932,221295
4933,211952420
4934,11000000
4935,403170142
4936,101300000
4937,5091888
4938,56574
4939,52761
4940,6698361
4941,407711549
4942,1697294
4943,354248063
4944,27610873
4945,106498
4946,4601043
4947,1404
4948,27297451
4949,20560255
4950,25005257
4951,8434146
4952,24188922
4953,120000000
4954,5837674
4955,621951
4956,21134374
4957,52287414
4958,24078196
4959,95789342
4960,5809330
4961,165333180
4962,442965
4963,8251071
4964,11879046
4965,50656
4966,9000000
4967,21126225
4968,20158808
4969,254190
4970,8125592
4971,102825796
4972,9304609
4973,182857
4974,71561644
4975,24760338
4976,17000000
4977,219076518
4978,36565280
4979,19472057
4980,68000000
4981,837000
4982,149295601
4983,25
4984,4073489
4985,49554002
4986,5000000
4987,138730
4988,5249225
4989,56422687
4990,5310554
4991,26010864
4992,157107755
4993,19978961
4994,30002758
4995,404
4996,1461989
4997,43455230
4998,9012000
4999,32483410
5000,28900000
5001,266728738
5002,355237933
5003,116700000
5004,4627375
5005,100489151
5006,174822325
5007,30551495
5008,12342632
5009,2459895
5010,22159216
5011,1500000
5012,122417389
5013,59700000
5014,18000000
5015,7286388
5016,357852395
5017,13865435
5018,28215918
5019,254134910
5020,1108462
5021,10000000
5022,255273813
5023,4571025
5024,288752301
5025,14134877
5026,347325802
5027,48190704
5028,12036149
5029,105178561
5030,17555141
5031,55635037
5032,500188435
5033,136203
5034,23000
5035,3206713
5036,572809
5037,97542952
5038,42792561
5039,1406224
5040,230698791
5041,231411584
5042,1625847
5043,36606743
5044,93945766
5045,204660
5046,141000000
5047,22000000
5048,447784
5049,50548152
5050,23859
5051,141591324
5052,117698894
5053,23450000
5054,54744738
5055,36144000
5056,41162041
5057,36448200
5058,3900000
5059,40272135
5060,159055768
5061,20211394
5062,16136
5063,65335
5064,27635305
5065,3661757
5066,17000000
5067,43455230
5068,11176469
5069,161451538
5070,17808
5071,52034889
5072,211952420
5073,11294
5074,9138338
5075,1500000
5076,125586134
5077,28931401
5078,830129
5079,7500000
5080,29907685
5081,142851197
5082,1151330
5083,18
5084,21170563
5085,4864560
5086,11000000
5087,589244
5088,8362969
5089,25434291
5090,110996879
5091,60273173
5092,59209
5093,53898845
5094,13204291
5095,162966177
5096,31609243
5097,16928137
5098,204
5099,390659
5100,653951
5101,393970
5102,1
5103,7306
5104,22034832
5105,1929168
5106,2600000
5107,32648673
5108,78247647
5109,331000
5110,17381942
5111,38502340
5112,6272403
5113,254190
5114,6000000
5115,46474
5116,3337685
5117,1021103568
5118,24332324
5119,639000
5120,121129
5121,58405313
5122,4491986
5123,3065860
5124,11715321
5125,46495
5126,10759
5127,3646994
5128,486937
5129,14000000
5130,2154540
5131,43528634
5132,46152411
5133,176997168
5134,29907685
5135,183018522
5136,76657000
5137,44350926
5138,18000000
5139,157107755
5140,14051384
5141,34742066
5142,116643346
5143,183316455
5144,48418160
5145,10750000
5146,45250
5147,908847
5148,18663238
5149,61801971
5150,276572938
5151,521311860
5152,73762516
5153,20240128
5154,8613462
5155,285930
5156,1405403694
5157,4601043
5158,4588176
5159,58405313
5160,37799643
5161,9584131
5162,30199105
5163,158468292
5164,8000000
5165,17280326
5166,230685453
5167,846704
5168,3572443
5169,239894
5170,444098
5171,68696770
5172,8000000
5173,71561644
5174,116672912
5175,16093651
5176,8750000
5177,96188903
5178,201596308
5179,243000
5180,46616067
5181,3206713
5182,77516304
5183,11000000
5184,62882090
5185,637769
5186,23598
5187,530048
5188,50021959
5189,213954274
5190,108103450
5191,233755553
5192,12303411
5193,264118201
5194,17425000
5195,65884703
5196,125212904
5197,19516000
5198,36894225
5199,24793509
5200,37600000
5201,36690067
5202,243000
5203,22000000
5204,404
5205,2119994
5206,3400278
5207,2340
5208,609524
5209,112343513
5210,12372410
5211,6000000
5212,23800000
5213,46201432
5214,26488
5215,19776159
5216,1317657
5217,8
5218,73000
5219,24600832
5220,56308881
5221,7241180
5222,22697691
5223,100659
5224,85
5225,2452566
5226,11373501
5227,5979011
5228,30127963
5229,93375151
5230,1031243
5231,34659
5232,12413650
5233,15
5234,36642838
5235,20275812
5236,196482882
5237,93820758
5238,173066
5239,8459458
5240,200182160
5241,52287414
5242,83557872
5243,1672730
5244,62771059
5245,923
5246,100345
5247,46089287
5248,621951
5249,22200000
5250,161626121
5251,9109322
5252,311245
5253,4710749
5254,7
5255,25480490
5256,44349000
5257,9500000
5258,49042224
5259,178051587
5260,3091922
5261,35424826
5262,6856989
5263,2459895
5264,120620
5265,605562
5266,100489151
5267,17000000
5268,141000000
5269,25035950
5270,135680000
5271,4270000
5272,126248813
5273,1347988
5274,22034832
5275,8034
5276,22642033
5277,15369573
5278,41205099
5279,3052000
5280,87600000
5281,22471595
5282,7022209
5283,538000
5284,102471
5285,413454
5286,15000
5287,14202899
5288,11100000
5289,76000000
5290,331926147
5291,653428261
5292,77737889
5293,237681299
5294,14961069
5295,609123048
5296,6500000
5297,57059003
5298,46221189
5299,7339398
5300,221295
5301,426224
5302,67918658
5303,40000
5304,54600000
5305,4635143
5306,12355798
5307,116643346
5308,23859
5309,3221152
5310,56359980
5311,141000000
5312,118063304
5313,631442092
5314,48902953
5315,50892160
5316,5080409
5317,27900000
5318,81010
5319,10462500
5320,25754284
5321,125212904
5322,393970
5323,126248813
5324,60641
5325,52604
5326,9304609
5327,180274123
5328,3485127
5329,19184015
5330,56359980
5331,1718328
5332,2189047
5333,74134790
5334,64437847
5335,2620000
5336,32222567
5337,460226
5338,57915972
5339,255273813
5340,1200398
5341,102367405
5342,75450437
5343,209696
5344,709827462
5345,243000
5346,121463226
5347,214000
5348,3453043
5349,532269
5350,3020784
5351,28128670
5352,390659
5353,46495
5354,16605763
5355,107879496
5356,65595485
5357,10676194
5358,1248748
5359,70600000
5360,113006880
5361,4947717
5362,1778391
5363,25739015
5364,193355800
5365,89460381
5366,52322400
5367,83080890
5368,17432163
5369,206172544
5370,10959475
5371,12434778
5372,786636033
5373,3646994
5374,84025816
5375,69307224
5376,28128670
5377,3052000
5378,460226
5379,14000000
5380,15520023
5381,126248813
5382,18552460
5383,5000000
5384,262797249
5385,240978
5386,9109322
5387,13835130
5388,47267001
5389,6834525
5390,24689703
5391,28607524
5392,11000000
5393,28061343
5394,12036149
5395,101191884
5396,27793200
5397,7000000
5398,21170563
5399,9833553
5400,5151936
5401,109449237
5402,10736401
5403,4905000
5404,1305887
5405,8352885
5406,1200000
5407,225990978
5408,206172544
5409,57059003
5410,17292381
5411,19829957
5412,7406
5413,126150
5414,212000000
5415,120000000
5416,296000000
5417,354248063
5418,6700
5419,7241180
5420,76286096
5421,42000000
5422,41482207
5423,151119219
5424,152368585
5425,68729358
5426,29657751
5427,5310554
5428,8679814
5429,6682098
5430,42792561
5431,6775121
5432,5496951
5433,62882090
5434,147780440
5435,754935
5436,186702
5437,208588
5438,6000000
5439,390659
5440,500188435
5441,56825
5442,188133322
5443,151493655
5444,11341016
5445,147780440
5446,75450437
5447,4000000
5448,5820015
5449,60965854
5450,641100
5451,17555141
5452,12277096
5453,7103973
5454,152022101
5455,18535191
5456,20719451
5457,29700000
5458,147315
5459,50021959
5460,36000000
5461,206728
5462,248000000
5463,694713380
5464,11083449
5465,95789342
5466,23000000
5467,40846082
5468,36754634
5469,1
5470,371940071
5471,50548152
5472,40263020
5473,67872296
5474,6819587
5475,178127760
5476,81452156
5477,615816
5478,2459895
5479,102825796
5480,23507567
5481,923
5482,100489151
5483,14000000
5484,20915465
5485,9318
5486,3983997
5487,714766572
5488,27200316
5489,100491683
5490,13200241
5491,1983204
5492,91000000
5493,1440000
5494,31894
5495,10442808
5496,2275557
5497,40855419
5498,10224116
5499,28169671
5500,1261000
5501,4417667
5502,653951
5503,3566637
5504,141195658
5505,523511
5506,264118201
5507,7242035
5508,42277365
5509,178051587
5510,1449945
5511,7900000
5512,50548152
5513,248000000
5514,132675402
5515,12902790
5516,243000
5517,294456605
5518,100489151
5519,95226116
5520,71904
5521,101332962
5522,209935
5523,100230832
5524,653428261
5525,3533227
5526,33697647
5527,5100000
5528,40263020
5529,11
5530,117831631
5531,386749
5532,25232289
5533,120000000
5534,252712101
5535,2402459
5536,20666
5537,7022209
5538,24600832
5539,157107755
5540,38574362
5541,134748021
5542,3106835
5543,3305592
5544,157100845
5545,10000000
5546,19910002
5547,1751330
5548,1530216
5549,254134910
5550,77516304
5551,23800000
5552,51148651
5553,83080890
5554,17671101
5555,34533783
5556,7993039
5557,62852
5558,655011224
5559,4122748
5560,8674093
5561,21133087
5562,33000337
5563,606694
5564,56825
5565,11403529
5566,23450000
5567,36448200
5568,104931801
5569,5496951
5570,186883563
5571,180274123
5572,646714
5573,152930623
5574,24760338
5575,24719215
5576,39300000
5577,14048372
5578,34327391
5579,6754898
5580,1400000
5581,20275812
5582,33697647
5583,356296601
5584,49002684
5585,21170563
5586,1268793
5587,28607524
5588,152022101
5589,79700000
5590,858591
5591,20381995
5592,9000000
5593,3485127
5594,8349430
5595,102308889
5596,225990978
5597,42160849
5598,1486992
5599,21750000
5600,8674093
5601,174999005
5602,354248063
5603,7732325
5604,5967038
5605,300257475
5606,100020092
5607,33208099
5608,89162162
5609,6834525
5610,8459458
5611,48902953
5612,262797249
5613,4270000
5614,4417580
5615,194647323
5616,17519169
5617,173000000
5618,46201432
5619,5602431
5620,603943
5621,163670000
5622,1982505
5623,14782676
5624,94882889
5625,1884814
5626,5101756
5627,48902953
5628,14048372
5629,10017322
5630,29355203
5631,114908830
5632,20497844
5633,42070000
5634,59700000
5635,224511319
5636,1469
5637,15000
5638,112343513
5639,39946780
5640,45250
5641,27610873
5642,25405445
5643,5000000
5644,653428261
5645,2640850
5646,3692836
5647,25034000
5648,176885658
5649,173066
5650,313542341
5651,17336370
5652,38610009
5653,288752301
5654,60845711
5655,144216468
5656,84785914
5657,3225000
5658,81381
5659,13835130
5660,120081841
5661,19978961
5662,114660784
5663,42000000
5664,21520719
5665,103891409
5666,60527873
5667,14016568
5668,30524763
5669,1296184
5670,403170142
5671,53191886
5672,6500000
5673,183316455
5674,12534961
5675,14000000
5676,30
5677,109449237
5678,152022101
5679,343786
5680,123820
5681,22678555
5682,45250
5683,96105964
5684,153518974
5685,204660
5686,179000
5687,11373501
5688,5849647
5689,37170057
5690,1213880
5691,20497844
5692,49627779
5693,17768012
5694,54249294
5695,48911
5696,194647323
5697,254190
5698,12000000
5699,8000000
5700,196114570
5701,46434570
5702,5080409
5703,110230332
5704,1053788
5705,1686429
5706,9518342
5707,24719215
5708,1000000
5709,4627375
5710,240093
5711,13200241
5712,134748021
5713,15119639
5714,226286
5715,31000
5716,386749
5717,3900000
5718,3400278
5719,36606743
5720,31609243
5721,63781810
5722,32710894
5723,10959475
5724,9833553
5725,460226
5726,28128670
5727,117831631
5728,1625847
5729,358372926
5730,14873
5731,121129
5732,14681192
5733,136203
5734,87000000
5735,3091922
5736,56489558
5737,8342132
5738,19165560
5739,985007
5740,91000000
5741,13670688
5742,39300000
5743,39673161
5744,140987
5745,6147
5746,310000000
5747,2400000
5748,78382433
5749,32556119
5750,346079773
5751,95714875
5752,1893139
5753,76932943
5754,23450000
5755,33463969
5756,90614445
5757,1461989
5758,72266306
5759,3572443
5760,2293798
5761,7965
5762,38058335
5763,142851197
5764,41162041
5765,10903846
5766,56489558
5767,10903846
5768,11293663
5769,95226116
5770,3696232
5771,57469467
5772,3900000
5773,149705852
5774,50548152
5775,66468332
5776,13168027
5777,108000000
5778,709827462
5779,250288523
5780,337812
5781,129540499
5782,25000000
5783,36869414
5784,3
5785,120000000
5786,18253415
5787,335062621
5788,126150
5789,25739015
5790,106303988
5791,63833449
5792,18800000
5793,7985929
5794,60527873
5795,178051587
5796,3214116
5797,23000000
5798,5979011
5799,171120329
5800,696681
5801,17000000
5802,3848034
5803,646714
5804,206172544
5805,20374201
5806,100345
5807,76286096
5808,13204291
5809,100491683
5810,65335
5811,918239
5812,117719158
5813,224511319
5814,221295
5815,4000000
5816,8800000
5817,3
5818,11220670
5819,23000000
5820,80768
5821,41232
5822,147542
5823,72417394
5824,8613462
5825,215576
5826,6500000
5827,42160849
5828,748806957
5829,95404397
5830,25345000
5831,29252978
5832,2807854
5833,8434146
5834,1999955
5835,147542
5836,145896422
5837,12036149
5838,31815
5839,14051384
5840,14134877
5841,38172500
5842,10736401
5843,1406224
5844,248392
5845,11
5846,221295
5847,152022101
5848,13273595
5849,15992615
5850,100489151
5851,742898
5852,5926128
5853,40400657
5854,2300000
5855,95000000
5856,72778712
5857,631442092
5858,3462
5859,116400000
5860,3566637
5861,9188
5862,15500000
5863,9450897
5864,655011224
5865,73000
5866,10759
5867,11576431
5868,29252978
5869,4864560
5870,8000000
5871,133000000
5872,134748021
5873,837000
5874,6700
5875,40346186
5876,43455230
5877,16000000
5878,93820758
5879,52604
5880,63833449
5881,211952420
5882,28128670
5883,3351735
5884,7936012
5885,19131000
5886,18663238
5887,1301696
5888,21000000
5889,94633
5890,16491080
5891,29700000
5892,1072602
5893,11576431
5894,57881056
5895,1631839
5896,49627779
5897,36000000
5898,100000000
5899,23859
5900,27634716
5901,4542
5902,35348597
5903,12434778
5904,173965010
5905,38159905
5906,63833449
5907,40000
5908,117719158
5909,3484331
5910,69932387
5911,113783
5912,28128670
5913,27200316
5914,36611610
5915,23800000
5916,116400000
5917,130482868
5918,211952420
5919,413454
5920,2642899
5921,310000000
5922,17768757
5923,18492362
5924,109130
5925,149705852
5926,621951
5927,7000000
5928,113244290
5929,832735
5930,20497844
5931,35739755
5932,6000000
5933,204940
5934,161789
5935,331926147
5936,120000000
5937,22270
5938,37915971
5939,6700000
5940,260696994
5941,3721911
5942,27409889
5943,22707064
5944,12314651
5945,5240
5946,15530077
5947,263000
5948,77737889
5949,6698361
5950,132820716
5951,91036760
5952,21722776
5953,12173470
5954,42070000
5955,107879496
5956,30199105
5957,254700832
5958,106371651
5959,3696232
5960,1
5961,5000000
5962,9700000
5963,102391382
5964,105834556
5965,31148328
5966,16829545
5967,121790373
5968,8342132
5969,17425000
5970,4417580
5971,2610000
5972,91000000
5973,48902953
5974,3106835
5975,106260000
5976,1778391
5977,401421
5978,609123048
5979,1980338
5980,106371651
5981,3305592
5982,162000000
5983,3923970
5984,36606743
5985,55495563
5986,99303
5987,23000
5988,194647323
5989,101236
5990,170268750
5991,7840873
5992,14010832
5993,7563728
5994,2300000
5995,81452156
5996,25605015
5997,1686429
5998,264118201
5999,248000000
6000,52604
6001,31911598
6002,11276
6003,57284237
6004,28215918
6005,1494399
6006,10016934
6007,47301471
6008,2600000
6009,112343513
6010,74558115
6011,33000000
6012,103166989
6013,242688965
6014,665450
6015,3919254
6016,19829957
6017,52164
6018,82719885
6019,230069
6020,6472990
6021,7282851
6022,25000000
6023,4069826
6024,7100000
6025,794452
6026,108000000
6027,12232628
6028,113493481
6029,21300000
6030,544272402
6031,8352885
6032,1718328
6033,3305592
6034,14134877
6035,136159423
6036,390659
6037,41162041
6038,4275
6039,9833553
6040,46089287
6041,218613188
6042,26488
6043,165333180
6044,192816
6045,35485608
6046,249905
6047,1982505
6048,7282851
6049,2899975
6050,4314688
6051,486937
6052,36893721
6053,41232
6054,376597
6055,7985929
6056,34533783
6057,3923970
6058,81452156
6059,80154140
6060,8613462
6061,130786397
6062,120620
6063,106303988
6064,382267
6065,7600000
6066,36400360
6067,2091037
6068,2691899
6069,266728738
6070,211780824
6071,7840873
6072,120620
6073,16217773
6074,28215918
6075,1250000
6076,13204291
6077,25147786
6078,12173470
6079,631442092
6080,7241180
6081,500000
6082,14624826
6083,120455994
6084,11293663
6085,44332015
6086,1044824
6087,153083102
6088,76578911
6089,185898
6090,90024292
6091,105656
6092,4900000
6093,47000000
6094,103891409
6095,12434778
6096,38610009
6097,98410061
6098,777423
6099,30127963
6100,44065653
6101,214104620
6102,17508518
6103,140795793
6104,4878242
6105,21300000
6106,36565280
6107,11000
6108,278300000
6109,11576431
6110,98159963
6111,5000000
6112,88
6113,78247647
6114,50159144
6115,217022588
6116,3206713
6117,76586316
6118,3566637
6119,41819064
6120,46152411
6121,136203
6122,93945766
6123,500000
6124,10654385
6125,4300000
6126,9600000
6127,7865
6128,8342132
6129,41162041
6130,10676194
6131,760883
6132,254190
6133,3453043
6134,83080890
6135,46201432
6136,209154322
6137,140795793
6138,22886222
6139,604942143
6140,605562
6141,2807854
6142,6000000
6143,2500431
6144,11750000
6145,1625847
6146,41205099
6147,25182929
6148,2042530
6149,97437106
6150,130482868
6151,54215416
6152,136766062
6153,11000000
6154,9392
6155,161451538
6156,13200241
6157,1163967
6158,133718711
6159,7282851
6160,2725258
6161,57588485
6162,120620
6163,14681192
6164,605562
6165,443684
6166,90614445
6167,11403529
6168,6174491
6169,48418160
6170,50892160
6171,91000000
6172,152961
6173,11000000
6174,34560577
6175,7500000
6176,1400000
6177,9323833
6178,7
6179,71069884
6180,4634062
6181,27297451
6182,71069884
6183,18663238
6184,961000000
6185,346592
6186,1124445
6187,779820
6188,15520023
6189,596349
6190,109449237
6191,2744253
6192,109449237
6193,34562222
6194,2019000
6195,2452566
6196,138000
6197,6500000
6198,106303988
6199,655011224
6200,16928137
6201,230069
6202,106303988
6203,76932943
6204,37915971
6205,8000000
6206,44350926
6207,16374328
6208,12250
6209,3832228
6210,3919731
6211,91036760
6212,101300000
6213,100491683
6214,16337881
6215,75993061
6216,87000000
6217,214000
6218,16000000
6219,100525432
6220,2400000
6221,27634716
6222,5101756
6223,64256513
6224,44196684
6225,160638883
6226,147315
6227,5741608
6228,5363000
6229,1884814
6230,3848034
6231,73648228
6232,143451
6233,117698894
6234,4152230
6235,46201432
6236,65046687
6237,2600000
6238,4069826
6239,178051587
6240,12342632
6241,1884814
6242,7732325
6243,22456509
6244,73648228
6245,15119639
6246,19000000
6247,28900000
6248,7800000
6249,10000000
6250,69055695
6251,36754634
6252,1675706
6253,100523181
6254,136159423
6255,350006
6256,1500000
6257,35431113
6258,401421
6259,12413650
6260,49042224
6261,151161491
6262,11588205
6263,2594000
6264,11000000
6265,38901218
6266,6086508
6267,102244770
6268,10000000
6269,264118201
6270,41482207
6271,57881056
6272,14400000
6273,5410749
6274,202026112
6275,20566327
6276,110996879
6277,26888376
6278,123509
6279,25196249
6280,4571025
6281,2736000
6282,660940780
6283,20275812
6284,77628265
6285,46201432
6286,121
6287,6272403
6288,347451894
6289,250821495
6290,92100
6291,83080890
6292,132820716
6293,100853753
6294,185898
6295,108103450
6296,500000
6297,68729358
6298,3462
6299,606694
6300,9479718
6301,125212904
6302,5101756
6303,760883
6304,18663238
6305,116672912
6306,44196684
6307,11000000
6308,93000
6309,152961
6310,34560577
6311,65335
6312,1553826
6313,77516304
6314,35739755
6315,4719695
6316,185438673
6317,280000000
6318,30411183
6319,97542952
6320,11449638
6321,158468292
6322,2033165
6323,4073489
6324,49667
6325,8251071
6326,112892319
6327,6174491
6328,1123746996
6329,29456000
6330,2600000
6331,102000000
6332,25000
6333,18948425
6334,25
6335,10736401
6336,44349000
6337,27200316
6338,1200000
6339,6585516
6340,696681
6341,3221152
6342,11220670
6343,25312387
6344,230698791
6345,2642899
6346,189015611
6347,14110589
6348,60328000
6349,5602431
6350,121
6351,134748021
6352,140795793
6353,7940
6354,3020784
6355,532654
6356,2692037
6357,3200000
6358,56825
6359,13022756
6360,41162041
6361,119940815
6362,20374201
6363,837000
6364,23598
6365,309457509
6366,25232289
6367,11806119
6368,1914166
6369,1600000
6370,163403799
6371,31000000
6372,15704614
6373,46474
6374,1500000
6375,5989640
6376,18492362
6377,14697005
6378,47000000
6379,473226958
6380,3661757
6381,660940780
6382,135130999
6383,4152230
6384,84601681
6385,7800000
6386,206172544
6387,11715321
6388,243000
6389,36565280
6390,1400000
6391,157768
6392,100491683
6393,217022588
6394,151165787
6395,18000
6396,140021
6397,2585639
6398,605562
6399,6575282
6400,103911669
6401,37285
6402,81381
6403,3
6404,10848783
6405,830129
6406,2200000
6407,75993061
6408,30551495
6409,44350926
6410,40266982
6411,4635143
6412,22000000
6413,13130349
6414,373552094
6415,3662459
6416,8000000
6417,355237933
6418,95714875
6419,46044400
6420,318982
6421,56298474
6422,41232
6423,39946780
6424,12355798
6425,25442939
6426,49797148
6427,40000
6428,30
6429,41604473
6430,63833449
6431,162242962
6432,210000000
6433,116700000
6434,20079850
6435,19054534
6436,212385533
6437,11879046
6438,10032765
6439,4600000
6440,133000000
6441,7282851
6442,13380561
6443,62882090
6444,4314688
6445,149705852
6446,3566637
6447,539896
6448,30524763
6449,5849647
6450,123509
6451,4601043
6452,75450437
6453,116980662
6454,32155047
6455,15478800
6456,51854875
6457,7266209
6458,3
6459,921974
6460,95673607
6461,211780824
6462,325756637
6463,331000
6464,85313124
6465,50504655
6466,2459895
6467,760883
6468,11449638
6469,573335
6470,3221152
6471,2850000
6472,7282851
6473,40272135
6474,14681192
6475,15530077
6476,1025491110
6477,82150642
6478,5129058
6479,206172544
6480,56489558
6481,12923936
6482,14624826
6483,830129
6484,214104620
6485,196781193
6486,1305887
6487,58662452
6488,64437847
6489,92100
6490,14000000
6491,14000000
6492,3764219
6493,1492523
6494,39459427
6495,6000000
6496,207283925
6497,498814908
6498,26250020
6499,2850263
6500,1083282
6501,157768
6502,38502340
6503,59217789
6504,27200000
6505,109130
6506,135
6507,45100
6508,240978
6509,2043704
6510,15369573
6511,29400000
6512,111996
6513,17768757
6514,3117985
6515,211780824
6516,48126384
6517,76657000
6518,101300000
6519,25312387
6520,5979011
6521,206172544
6522,13551174
6523,83557872
6524,6819587
6525,50100000
6526,67631903
6527,966214
6528,4069090
6529,100345
6530,28931401
6531,152961
6532,539896
6533,382267
6534,49627779
6535,14418922
6536,28607524
6537,108539911
6538,163670000
6539,224511319
6540,31670620
6541,25035950
6542,44030246
6543,1400000
6544,1862805
6545,1675706
6546,194168700
6547,43719
6548,8459458
6549,116980662
6550,3193102
6551,500188435
6552,19265302
6553,25
6554,16974459
6555,11879046
6556,11341016
6557,4469460
6558,54674226
6559,13162475
6560,288500217
6561,25
6562,96618699
6563,27200000
6564,3400278
6565,6174491
6566,66468332
6567,37915971
6568,32726956
6569,56825
6570,88058786
6571,37170057
6572,48752
6573,11403529
6574,17185632
6575,8026971
6576,23367586
6577,10018
6578,10959475
6579,5926128
6580,3221152
6581,46201432
6582,25
6583,80551
6584,285930
6585,34742066
6586,14010832
6587,55447968
6588,85313124
6589,29657751
6590,74901339
6591,10409377
6592,266728738
6593,12173470
6594,54586584
6595,263635
6596,27642707
6597,23020
6598,49797148
6599,12000000
6600,3983997
6601,80768
6602,461983149
6603,31148328
6604,12008642
6605,585349010
6606,840000
6607,30353232
6608,4542
6609,36000000
6610,4571025
6611,2270000
6612,926287400
6613,16374328
6614,297138014
6615,8100000
6616,106303988
6617,254134910
6618,38505009
6619,36000000
6620,2437000
6621,39673162
6622,330444045
6623,101134059
6624,112343513
6625,114830111
6626,101191884
6627,13129846
6628,551281
6629,13818181
6630,7185518
6631,461162
6632,8100000
6633,29174648
6634,16810383
6635,79
6636,41482207
6637,192452832
6638,135
6639,21888598
6640,101191884
6641,250288523
6642,183018522
6643,13
6644,23020
6645,413454
6646,60611975
6647,460226
6648,29657751
6649,50892160
6650,215576
6651,68729358
6652,6000000
6653,185438673
6654,57881056
6655,29010817
6656,985007
6657,36894225
6658,31576
6659,10013424
6660,115605
6661,3337685
6662,1305195
6663,201596308
6664,819939
6665,41232
6666,52425855
6667,37962774
6668,18800000
6669,76657000
6670,7965
6671,8038508
6672,80768
6673,105834556
6674,211780824
6675,41954997
6676,16017403
6677,52164
6678,4000000
6679,117831631
6680,52287414
6681,209154322
6682,119723856
6683,233755553
6684,5300000
6685,837000
6686,1596687
6687,224511319
6688,29000000
6689,82719885
6690,171963386
6691,204
6692,419651413
6693,38505009
6694,23937870
6695,40940662
6696,119940815
6697,11000000
6698,6375979
6699,297138014
6700,56359980
6701,505000000
6702,23367586
6703,79666653
6704,401421
6705,120207127
6706,25312387
6707,21706101
6708,8000000
6709,343786
6710,49627779
6711,25345000
6712,34808403
6713,6698361
6714,1305887
6715,50892160
6716,791830
6717,215529201
6718,29400000
6719,60641
6720,416498
6721,36754634
6722,744816
6723,149217355
6724,603943
6725,8910819
6726,40263020
6727,1596687
6728,20642922
6729,15000000
6730,441306145
6731,120620
6732,1056938
6733,1053788
6734,14873
6735,50548152
6736,536364
6737,8026971
6738,2260622
6739,147214049
6740,13
6741,248000000
6742,112462508
6743,11373501
6744,4469460
6745,3692836
6746,48902953
6747,2459895
6748,10300
6749,25
6750,92100
6751,22471595
6752,352194034
6753,310000000
6754,18552460
6755,1841260
6756,230685453
6757,60722734
6758,24078196
6759,78382433
6760,17374595
6761,502758
6762,346297
6763,14873
6764,416498
6765,263920180
6766,41232
6767,40855419
6768,266728738
6769,41158757
6770,3661757
6771,5200000
6772,605562
6773,65595485
6774,210000000
6775,22678555
6776,1744858
6777,44030246
6778,63833449
6779,29355203
6780,24145613
6781,29326868
6782,170128460
6783,23367586
6784,311
6785,14010832
6786,3358
6787,27900000
6788,346297
6789,49501
6790,14000000
6791,72179579
6792,886686817
6793,28258060
6794,2628241
6795,125
6796,331957105
6797,2287714
6798,97837138
6799,143597
6800,258022233
6801,58662452
6802,8212430
6803,250200000
6804,1
6805,73276047
6806,24078196
6807,16374328
6808,3337685
6809,20256975
6810,1625847
6811,12434778
6812,76586316
6813,34808403
6814,11567217
6815,84431625
6816,4571025
6817,119919
6818,65335
6819,7242035
6820,110879513
6821,28215918
6822,15478800
6823,30
6824,250200000
6825,12923936
6826,24362772
6827,263404
6828,48752
6829,67821
6830,39946780
6831,16605763
6832,49002684
6833,103166989
6834,288312
6835,50548152
6836,14347000
6837,149217355
6838,523511
6839,46474
6840,3148182
6841,10703234
6842,7282851
6843,8000000
6844,278300000
6845,11176469
6846,59389433
6847,1486992
6848,2541554
6849,40266982
6850,84025816
6851,611899420
6852,61801971
6853,1625847
6854,47410000
6855,17768012
6856,1
6857,44349000
6858,9069
6859,86175291
6860,25196249
6861,11560806
6862,57915972
6863,164000000
6864,2270000
6865,846704
6866,245623848
6867,11642254
6868,599045960
6869,6272403
6870,17393
6871,133432856
6872,12065892
6873,245066411
6874,52287414
6875,5926128
6876,216614388
6877,51000000
6878,4314688
6879,50504655
6880,123509
6881,9247881
6882,122417389
6883,35424826
6884,1108462
6885,31000000
6886,31576
6887,36690067
6888,25005257
6889,16093651
6890,100345
6891,163670000
6892,71000000
6893,157107755
6894,26828365
6895,460226
6896,52164
6897,1373728
6898,100489151
6899,13818181
6900,224511319
6901,29657751
6902,4864560
6903,13130349
6904,29541790
6905,6212282
6906,91188905
6907,17768757
6908,33245
6909,5438927
6910,9400000
6911,41158757
6912,57469467
6913,205366737
6914,158733820
6915,25000000
6916,103166989
6917,599045960
6918,114908830
6919,3923970
6920,80049764
6921,161626121
6922,7800000
6923,135893
6924,10000000
6925,18124262
6926,4905000
6927,580527
6928,64437847
6929,21567853
6930,60740827
6931,103166989
6932,18750246
6933,9833553
6934,170128460
6935,57252
6936,2119994
6937,160602194
6938,8844595
6939,13000000
6940,20497844
6941,219076518
6942,30229977
6943,6347072
6944,50068310
6945,742898
6946,27610873
6947,416498
6948,2627209
6949,9479718
6950,121214377
6951,570000
6952,2899975
6953,27200000
6954,4100000
6955,33208099
6956,5926128
6957,17636261
6958,1744858
6959,13308
6960,88923251
6961,255273813
6962,12342632
6963,204940
6964,52425855
6965,1929168
6966,43848069
6967,17300889
6968,589304
6969,13674
6970,5849647
6971,173013509
6972,300000
6973,163670000
6974,97542952
6975,1596687
6976,30471420
6977,7
6978,2692037
6979,320145693
6980,23450000
6981,241
6982,351692268
6983,18
6984,31720158
6985,206172544
6986,15400000
6987,1744858
6988,6538177
6989,31000000
6990,165333180
6991,8251
6992,15530077
6993,3462
6994,12277096
6995,38793283
6996,85416905
6997,41232
6998,42160849
6999,355237933
7000,646714
7001,30524763
7002,15530077
7003,17808
7004,5410749
7005,12706478
7006,14961069
7007,2287714
7008,58662452
7009,16300000
7010,23450000
7011,3662459
7012,18564613
7013,33456317
7014,22000000
7015,230884728
7016,68696770
7017,18000000
7018,7185518
7019,105178561
7020,155545279
7021,837000
7022,22921898
7023,8352885
7024,112892319
7025,33456317
7026,263920180
7027,48668907
7028,10
7029,25442939
7030,532950503
7031,195312802
7032,9400000
7033,10018
7034,3900000
7035,1296184
7036,107559
7037,5926128
7038,16656125
7039,36754634
7040,26488734
7041,18432000
7042,346079773
7043,3091922
7044,153698625
7045,72527595
7046,15704614
7047,473226958
7048,81381
7049,5602431
7050,3206713
7051,9317021
7052,219076518
7053,29174648
7054,43455230
7055,77737889
7056,167977596
7057,2750275
7058,12706478
7059,11300653
7060,11947954
7061,16324573
7062,2640850
7063,45250
7064,660940780
7065,6405245
7066,1675484
7067,404
7068,123384128
7069,4971340
7070,77477008
7071,117698894
7072,218626
7073,8888143
7074,1296184
7075,22034832
7076,73648228
7077,11176469
7078,28744356
7079,45250
7080,47000000
7081,4627375
7082,3923970
7083,3462
7084,10652498
7085,4600000
7086,10000000
7087,237681299
7088,91974818
7089,31179516
7090,3661757
7091,1234254
7092,57881056
7093,68000000
7094,235860116
7095,1596687
7096,62882090
7097,28169671
7098,213954274
7099,144216468
7100,21133087
7101,141195658
7102,3554460
7103,8679814
7104,432274
7105,144216468
7106,47410000
7107,25762027
7108,2692037
7109,10903846
7110,180590
7111,241
7112,10011050
7113,159055768
7114,8220215
7115,6698361
7116,4352094
7117,11000
7118,54215416
7119,11403529
7120,3151130
7121,13273595
7122,499168
7123,8251
7124,559852396
7125,42000000
7126,192330738
7127,50548152
7128,36690067
7129,3166000
7130,185898
7131,138000
7132,253625427
7133,230685453
7134,43455230
7135,34808403
7136,39673162
7137,970816
7138,15119639
7139,120620
7140,137298489
7141,12706478
7142,29657751
7143,20000000
7144,5585154
7145,48418160
7146,2387127
7147,20211394
7148,5000000
7149,1524966
7150,8
7151,24078196
7152,6682098
7153,6483963
7154,125586134
7155,448000000
7156,23450000
7157,44350926
7158,243000
7159,136203
7160,3848034
7161,151161491
7162,531865000
7163,28215918
7164,918239
7165,121059225
7166,47410000
7167,100202
7168,106498
7169,1055287
7170,1519796
7171,14697005
7172,17671101
7173,3
7174,136203
7175,2400000
7176,11715321
7177,330444045
7178,20211394
7179,57881056
7180,140987
7181,24134
7182,176885658
7183,31894
7184,1045713802
7185,1400000
7186,19179969
7187,18928871
7188,9479718
7189,7282851
7190,696681
7191,92100
7192,9400000
7193,29326868
7194,250821495
7195,27187375
7196,21028755
7197,13865435
7198,1625847
7199,9109322
7200,93820758
7201,460226
7202,67872296
7203,8910819
7204,84772742
7205,250288523
7206,211952420
7207,100086793
7208,123384128
7209,12000000
7210,10018
7211,170832
7212,62882090
7213,6491240
7214,100491683
7215,12173470
7216,36754634
7217,221295
7218,78378744
7219,5000000
7220,13273595
7221,84500122
7222,1053788
7223,1107542
7224,2279000
7225,1
7226,1317657
7227,110000000
7228,108782847
7229,32204030
7230,15298355
7231,2300000
7232,250288523
7233,122700000
7234,106371651
7235,270000000
7236,50548152
7237,45742101
7238,25147055
7239,209154322
7240,87055349
7241,159055768
7242,1986615
7243,49797148
7244,6272403
7245,16000000
7246,1000000
7247,107217396
7248,120000000
7249,52164
7250,17487531
7251,100000000
7252,5967038
7253,1449945
7254,146900000
7255,20666
7256,5624282
7257,42365581
7258,1969193
7259,426224
7260,218626
7261,90024292
7262,7406
7263,18552460
7264,4905000
7265,921548
7266,36606743
7267,3848034
7268,4215859
7269,120081841
7270,33463969
7271,2610000
7272,18663238
7273,2600000
7274,17808
7275,12008642
7276,17011
7277,660940780
7278,134748021
7279,36754634
7280,357852395
7281,123384128
7282,97838349
7283,250200000
7284,50892160
7285,12173470
7286,20497844
7287,1500000
7288,65595485
7289,78382433
7290,6101904
7291,87404651
7292,2500000
7293,31063038
7294,1461989
7295,16374328
7296,1884814
7297,209696
7298,40272135
7299,241
7300,3065860
7301,56298474
7302,22000000
7303,1500000
7304,11000000
7305,33082548
7306,252712101
7307,94633
7308,25
7309,5923044
7310,215576
7311,837000
7312,585349010
7313,214104620
7314,4820000
7315,8026971
7316,80768
7317,7390108
7318,219417255
7319,21930418
7320,332000000
7321,170000
7322,32230907
7323,22921898
7324,368744044
7325,230685453
7326,266728738
7327,6698361
7328,12173470
7329,141220678
7330,278731369
7331,176885658
7332,8613462
7333,113374103
7334,233755553
7335,35763605
7336,10474
7337,5926128
7338,119772232
7339,23619609
7340,494506
7341,254190
7342,50548152
7343,14980005
7344,8910819
7345,143597
7346,14000
7347,2807390
7348,3537961
7349,35743308
7350,84500122
7351,35739755
7352,209935
7353,90508336
7354,140021
7355,56489558
7356,40903593
7357,47000000
7358,350006
7359,19165560
7360,6819587
7361,269823
7362,311312624
7363,662845518
7364,460226
7365,56308881
7366,413454
7367,45703
7368,5624282
7369,11341016
7370,287553595
7371,5588800
7372,34808403
7373,263920180
7374,21107746
7375,235860116
7376,14961069
7377,30471420
7378,73180723
7379,363889678
7380,39946780
7381,157768
7382,7830611
7383,1200000
7384,83557872
7385,76286096
7386,61141030
7387,1547397
7388,22707064
7389,1744858
7390,192816
7391,486021
7392,13835130
7393,263920180
7394,363889678
7395,87000000
7396,235860116
7397,4601043
7398,3221152
